_id,id,text,label
ObjectId(5cb6f7a55e7539387083dc87),1.12E+18,@UglyGod On the Ohio river soon after the flood. https://t.co/ydLSgTNzW9,1
ObjectId(5cb6f7a75e7539387083de98),1.12E+18,# MESSAGE issued for River levels are dropping. Take care on roads as they may have been damaged. Stay away from flood waters and storm drains. ID 2,1
ObjectId(5cb6f7a75e7539387083dea5),1.12E+18,Saint John River Flood Fredericton Water Levels are quickly rising https://t.co/T76hVgbOqp,1
ObjectId(5cb6f7a75e7539387083dea6),1.12E+18,Saint John River Flood Fredericton Water Levels are quickly rising https://t.co/WR9bwvSy0j via @YouTube,1
ObjectId(5cb6f7ac5e7539387083e478),1.12E+18,"@KalinMitchelCTV @ryansnoddon @MurphTWN @HeatherButtsCTV @tsimpkin @NateTWN @KelseyMcEwen @YourMorning @weathernetwork @mynewbrunswick Follow-up, 棣冨瘶 over the swollen #Wolastoq (Saint John) River near Flood Stage here in #Fredericton, NB. #nbstorm #riverwatch #ShareYourWeather https://t.co/nwvQsBaFqX",1
ObjectId(5cb6f7ac5e7539387083e479),1.12E+18,River rising 閳?must be spring on the Island! #loomischaffee #spring #flood #cherryblossoms #islandlife https://t.co/98FbFhLYdt,1
ObjectId(5cb6f7ac5e7539387083e47d),1.12E+18,"The swollen Wolastoq (Saint John) River, near flood stage here in #Fredericton, NB. #nbstorm #nbflood #riverwatch2019 #shareyourweather @ Fredericton, New Brunswick https://t.co/6uMMTme1B4",1
ObjectId(5cb6f7ac5e7539387083e480),1.12E+18,"@KalinMitchelCTV @ryansnoddon  @MurphTWN @HeatherButtsCTV @tsimpkin @NateTWN @weathernetwork @NBEMO_OMUNB The swollen Wolastoq (Saint John) River neqr flood stage here in #Fredericton, NB. #riverwatch #nbstorm #ShareYourWeather https://t.co/1rji88EFCU",1
ObjectId(5cb6f7ac5e7539387083e484),1.12E+18,"@thenwchica The Chaudiere doesn閳ユ獩 flood us, I閳ユ獡 on the other side of the St-Lawrence river. The St-Charles River floods us... so it閳ユ獨 not looking good for the next days. https://t.co/v9ZLJC3r1C",1
ObjectId(5cb6f7ac5e7539387083e4a3),1.12E+18,We are right by the Kennebec River which is currently on flood watch until 9 tonight. Parking lots by the water have warning signs letting drivers know about the risk. https://t.co/Zolu06ECDD,1
ObjectId(5cb6f7ac5e7539387083e4b3),1.12E+18,The Connecticut River is in its yearly April flood and I love it. My high school was on the river and our sports fields would flood--which means I didn't have to do sports! Ha!,1
ObjectId(5cb6f7b75e7539387083f049),1.12E+18,Spring freshet on the Saint John River at Fredericton NB as the flood waters rise. @weathernetwork @MurphTWN @NBEMO_OMUNB @FredTourism @JessicaNgCTV @KalinMitchelCTV @ryansnoddon @NateTWN @NatureCanada @StormHour @HarryForestell #ShareYourWeather https://t.co/mE6FdodCnx,1
ObjectId(5cb6f7b75e7539387083f052),1.12E+18,"South Khorasan - #Iran

Due to the flood, the bridge is broken &amp; people have to cross the river in a very dangerous way. https://t.co/JAsxCDT2Pt",1
ObjectId(5cb6f7b75e7539387083f056),1.12E+18,Natural Resources doing water rescue training on the Saint John River at Fredericton as flood waters rise. @weathernetwork @MurphTWN @NateTWN @NBEMO_OMUNB @HarryForestell @CBCNB @JessicaNgCTV @CBCShane @LauraBrownCTV @StormHour #ShareYourWeather https://t.co/lGyH1Jbzs3,1
ObjectId(5cb6f7bb5e7539387083f663),1.12E+18,How do you know it閳ユ獨 spring? Minor river flooding at the Connecticut River. Flood warning for the CT River in Northampton. https://t.co/unHEKtGqmi,1
ObjectId(5cb6f7bb5e7539387083f664),1.12E+18,How do you know it閳ユ獨 spring? Minor river flooding at the Connecticut River. Flood warning for the CT River in Northampton. https://t.co/52lpcUjx4D,1
ObjectId(5cb6f7bb5e7539387083f671),1.12E+18,River's Edge Farm Flood Clean-Up https://t.co/ts50s6z7lV,1
ObjectId(5cb6f7cb5e753938708407bc),1.12E+18,"@SheikhJaahangir @JKgrievance An appeal to DC kulgam. At river vashay 500 JCB has been mining since  over a Long period of time .our administration has been sleeping.previous flood ruined the land of farmers 
@ifckashmir 
@JKgrievance",1
ObjectId(5cb6f7cb5e753938708407c2),1.12E+18,New tool shows how river would flood in our area https://t.co/CNK4t7dBjZ @SRBCnews @SenJohnYudichak @SenJohnBlake @RepKyleMullins https://t.co/089CucqNWc,1
ObjectId(5cb6f7cb5e753938708407fa),1.12E+18,"""The Story"" by @brandicarlile, after my husband &amp; I survived the 2016 ""1,000-year"" flood of Elk River, WV. https://t.co/dHrZlixpof",1
ObjectId(5cb6f7cb5e7539387084081d),1.12E+18,"After our morning hike, we're going to do a mini-cleanup in the flood plain in Indian River Park.  If you're interested in participating, bring rubber boots because it will be be wet and muddy.... https://t.co/vQ01kU5vn2",1
ObjectId(5cb6f7cb5e7539387084081f),1.12E+18,"Flood update April 16 
Spring is back!  A cool night stopped the river from rising since yesterday morning, but a beautiful day ahead. Find us at: https://t.co/LirI4FSJoK Photos by @chrisjvarga  @ Vankoughnet 閳?at Vankoughnet https://t.co/OISSWpbmxn",1
ObjectId(5cb6f7cb5e75393870840838),1.12E+18,Heavy rainfall in #dir KPK flood situation in #Panjkorra river dir,1
ObjectId(5cb6f7cb5e75393870840856),1.12E+18,"We're fortunate to have flood protection in @GrandForksCity - thanks to our city leaders, past and present, who made it possible. If you've never witnessed a flooded Red River or閳?https://t.co/zFi991qrdp",1
ObjectId(5cb6f7ce5e75393870840a9b),1.12E+18,The Flood Warning that was in effect for the Little Sioux River at Cherokee has been cancelled.,1
ObjectId(5cb6f7ce5e75393870840b4a),1.12E+18,Watching a River Bandits game during a flood remains one of my favorite baseball experiences. https://t.co/LYMYq7lCfT,1
ObjectId(5cb6f7d15e75393870840ebb),1.12E+18,Shemwell estimates he lost two acres from erosion that started long before the flood. https://t.co/nmNcDFoHTp,1
ObjectId(5cb6f7d45e753938708411cf),1.12E+18,Hudson River about to flood,1
ObjectId(5cb6f7d45e75393870841243),1.12E+18,Red River Flood Warnings. https://t.co/rD0qRs2HLp https://t.co/bPRqzvf811,1
ObjectId(5cb6f7d95e7539387084158e),1.12E+18,"The continuous downpour is causing whagi river to flood and burst its bank, affecting our people at Baisu Village outside Mt Hagen. Mostly affected ones were our Pinambi People. Houses, gardens and the whole village is underwater. People are now homeless and suffering for food. https://t.co/HeIFRzBHCl",1
ObjectId(5cb6f7d95e753938708415a8),1.12E+18,"More pics from our hike back out from Corbin Cabin. The kids were troopers on a hike that included about 1500 feet elevation gain and intense steam crossings with everything at flood stage [I got to ""ferry"" most bags and the younger kids since I had my handy (cold!) river shoes] https://t.co/1yx8No9xMk",1
ObjectId(5cb6f7d95e753938708415cd),1.12E+18,"https://t.co/pKojiYIQu6

Biloxi river at cedar lake road. 

Cedar lake Christian school. 

Biloxi river at flood stage.",1
ObjectId(5cb6f7d95e753938708415ed),1.12E+18,Red River Flood Warnings. https://t.co/rD0qRskiCX https://t.co/q8y40RUHlE,1
ObjectId(5cb6f7d95e75393870841608),1.12E+18,@greggrunberg I waved goodbye to some money. Walked in the sun by the flood damaged river. Made another tiny step forward on an upholstery project.,1
ObjectId(5cb6f7d95e75393870841610),1.12E+18,"@realDonaldTrump Tankers would make matters worse. 
I don閳ユ獩 know why they don閳ユ獩 pump water from the River and flood the base of the cathedral?",1
ObjectId(5cb6f7db5e75393870841a58),1.12E+18,"This morning I joined Mike Peterson on KMA Radio to discuss my effort to make flood control the number one priority when it comes to managing the Missouri River.
https://t.co/DLOpJovoD5",1
ObjectId(5cb6f7db5e75393870841b26),1.12E+18,Red River Flood Warnings. https://t.co/rD0qRs2HLp https://t.co/kWIoSPyvxc,1
ObjectId(5cb6f7e25e7539387084212b),1.12E+18,Taken about a week ago: this debris **still** marks the high water line from the 7 February flood of the Jordan River (background) into Dunn Meadow. https://t.co/kyupAPKpUm,1
ObjectId(5cb6f7f15e753938708432b7),1.12E+18,Yet Another Haw River Flood #chathamnc https://t.co/avm49xguUo https://t.co/YWVukt5wC0,1
ObjectId(5cb6f7f45e753938708436b9),1.12E+18,"The River Ilen in flood by the old railway bridge in #skibbereen today @ Skibbereen, Ireland https://t.co/w0VfrZXeU1",1
ObjectId(5cb6f7f45e75393870843709),1.12E+18,@loufreshwater Never seen flood like this in Kabul river. I was born and raised here.,1
ObjectId(5cb6f7f45e75393870843723),1.12E+18,"@muddybike Interestingly, RVCA has no flood advisory out right now, despite the river being the highest its been this year right now.",1
ObjectId(5cb6f7f45e75393870843764),1.12E+18,"Stocking up, waiting out the flood: life on the Isle of Oslo https://t.co/SL8eGP7sq0 via @mprnews",1
ObjectId(5cb6f7f45e75393870843767),1.12E+18,It has been almost one full month since flooding reached its peak on the Missouri River and it is STILL in flood stage. https://t.co/gkpJSgPE4H,1
ObjectId(5cb6f7f75e75393870843a32),1.12E+18,The river is high!! The creeks and tributaries that feed the river are high!! Rushing water everywhere. The first Flood Patrol of 2019 is here!!!!!!!! https://t.co/B1qq9Q1Kxv,1
ObjectId(5cb6f7f75e75393870843a38),1.12E+18,"Stocking up, waiting out the flood: life on the Isle of Oslo
https://t.co/2p4N5VYZ5X https://t.co/obh31NYHhQ",1
ObjectId(5cb6f7f75e75393870843a48),1.12E+18,"Day before yesterday it was in the 70閳ユ獨. I walked outside with a tank top on. Yesterday it stormed all day and there was a tornado warning. The sirens were going and the power flickered. Today, there is a river flood warning and it閳ユ獨 supposed to start snowing in about ten minutes",1
ObjectId(5cb6f7f75e75393870843a61),1.12E+18,FLOOD WARNING until noon. Sharp rises on area rivers including the Dog River.,1
ObjectId(5cb6f7f75e75393870843a62),1.12E+18,"Areal flood advisory in green, next 2 hours...minor river/stream flooding and poor drainage flooding https://t.co/YTeZbWm7Ve",1
ObjectId(5cb6f7fc5e75393870844077),1.12E+18,"@cher Look at Santa Ana, Ca and along side of 605 freeway  San Gabriel River flood tunnel thousands of homeless.",1
ObjectId(5cb6f8015e753938708445d9),1.12E+18,The Mississippi river flood burying one of our parks https://t.co/zPnMPlAO26,1
ObjectId(5cb6f8015e75393870844642),1.12E+18,"Spring Flooding on the Vermillion River MN 2019 https://t.co/5Q12DgLCnE via @YouTube
#flood #flooding #highwater #fishinglife #fishingaddict #tightlines  #dothelake  #otteroutdoors  #trout",1
ObjectId(5cb6f8045e7539387084484f),1.12E+18,"Went to check out the Stratford, SD - James River gauge (SFDS2) this evening at just under major flood stage. This picture was at 146th Street (2 miles north of the gauge), which went underwater during the middle of last week. #SDwx https://t.co/fxyaD8esK0",1
ObjectId(5cb6f8065e75393870844b07),1.12E+18,"@CBCNews Probably should have set up shop a bit further away from the river since, you know, rivers flood",1
ObjectId(5cb6f8065e75393870844b1b),1.12E+18,@mjjohnson1216 @mthornton78 Joining from the South River flood zone in the Shenandoah Valley. I'll be on as much as possible. - Ira #BookCampPD,1
ObjectId(5cb6f8065e75393870844b34),1.12E+18,Flood outlook improves again. Good news for highway 75 and communities in the Red River Valley  https://t.co/hooqW2zv7a,1
ObjectId(5cb6f8065e75393870844b3b),1.12E+18,"Operations to open the flood way wrapped up shortly after noon on Sunday.
https://t.co/yCDSn47odU",1
ObjectId(5cb6f8065e75393870844b53),1.12E+18,"Everyone thinks Alice Springs is dry. 
We visited several years ago, in torrential rain and the Todd River decided to flood for the first time in living memory 棣冩 #SundayPixWater https://t.co/O8m4mzl8l2",1
ObjectId(5cb6f8065e75393870844b58),1.12E+18,"April 14, Bardaskan Khorasan provine NE #Iran
Mismanagement on behalf of the government. Failure to build a bridge over the river and now the road is submerged in #flood. Water is overflowing towards Bordscan city.
#IranFloods
#鐖诲€笗璩確姣撲笗璩茶潮_鐖昏箹璩?@USAdarFarsi https://t.co/DBW7T3TPke",1
ObjectId(5cb6f8065e75393870844b6e),1.12E+18,"@WordsAreMagick we get flooding all the time, but it's minor right here--i've had friends whose houses have been flooded when the river gets too high... there's a flood wall downtown, my sister painted a mural on it, but they painted over it years ago: https://t.co/gSlZKmfWM0",1
ObjectId(5cb6f80d5e753938708453b1),1.12E+18,"Unofficial Snow depth values.

Environment Canada will issue alerts, warnings or preparedness information for any major events.

Personally, I don't see any major 200 year flood events occuring.

You'll probably see localized river flooding and slides as thawing takes place. https://t.co/zd10AGc3pv",1
ObjectId(5cb6f80e5e753938708453be),1.12E+18,The Upper Mississippi and Red River of the North received precipitation about 200% above normal. A few particularly dramatic events: 4/20 https://t.co/F0gLUm3BLr,1
ObjectId(5cb6f8105e753938708455f5),1.12E+18,The River Tees in flood behind Harlequin House https://t.co/sfAReaQiHW,1
ObjectId(5cb6f81a5e75393870846186),1.12E+18,Heading down to the river to fish the flood waters.,1
ObjectId(5cb6f81e5e753938708466a3),1.12E+18,@MittGer It閳ユ獨 all melted here. I know north of us it is still melting. We are still well above flood stage with more thaw from Minnesota on the way. We won閳ユ獩 get the flooding that happened west of us. Theirs was terrible.,1
ObjectId(5cb6f8265e75393870846fa5),1.12E+18,"Think the MIssissippi River floods are gonna end any time soon? Think again.  Forecast stage at Tunica, MS on day 21 (5/4) is still at flood (41 ft) using 16 day NAEFS QPF.  2 day QPF shows the stage 8 feet lower.  Which is more realistic?  Another 1""-2"" on tap this Thursday. https://t.co/3PC6UIatnx",1
ObjectId(5cb6f8265e75393870846fbc),1.12E+18,"Many of us under some sort of warning right now... Severe T'storm warnings are in effect for eastern parts of the metro, along the MS River and up into Attala &amp; Leake Counties!

Flash Flood Warnings continue for many of us as well!

#mswx https://t.co/cnCEICYyeu",1
ObjectId(5cb6f8265e75393870846fbe),1.12E+18,@SteveHamel16 This is close to home as I am an hour north of NO and rigjt now the river is at flood stage. *sigh* this has been talked abt by ppl here for years. Its devastating how my state is slowly disappearing,1
ObjectId(5cb6f8265e75393870846fd0),1.12E+18,https://t.co/H0G4K1wXEy Observed change No Flooding to Near Flood Stage.Zumbro River at Zumbro Lake (LKZM5),1
ObjectId(5cb6f8265e75393870847012),1.12E+18,"Umatilla river at flood stage. @ Hinkle, Oregon https://t.co/j3YRp8a9gy",1
ObjectId(5cb6f82b5e753938708474f5),1.12E+18,"This winter 2019, another declared State of Emergency happened in our small rural community (of about 3,500 population)....resulting from an anomaly severe ice jam flood in the Grand River through the heart of Portland.",1
ObjectId(5cb6f82e5e75393870847960),1.12E+18,"I was sat by the river the other day when a huge wave of water rose up wearing an Armani suit, Rolex watch and carrying a iPhone X.

Fucking flash flood.",1
ObjectId(5cb6f8335e75393870847eb6),1.12E+18,"Nothing but rain and thunderstorms on the way. Our rivers are already at flood stage. Here's to hoping the levee holds the Ouachita River, which is right down the street from me 棣冩",1
ObjectId(5cb6f8365e75393870848196),1.12E+18,"Heard one of the Congress leaders speech in a small town on the bank of Manimala river which was one of the worst effected during recent flood. He is telling flood was man made by opening dams &amp; govt responsible, actualy there is no dam on that river",1
ObjectId(5cb6f8365e753938708481ff),1.12E+18,"@Mikeggibbs It is spring. 

Like in many other provinces, floods will also be happening in Ontario. 

Will Ontario PC help Ontarians with flood disasters? I do remember the nasty floods in Alberta, June 2013. Creeks became rivers in Canmore, Calgary Stampede site flooded, High River...",1
ObjectId(5cb6f8375e75393870848231),1.12E+18,Fredericton still has some snow to melt. But the river is open here. Hoping the Saint John River does not flood like last year. @weathernetwork @MurphTWN @NateTWN @DJIGlobal @FredTourism @cstclair1 @KalinMitchelCTV @ryansnoddon @CindyDayWeather @NBEMO_OMUNB https://t.co/7UNYK3Rtdx,1
ObjectId(5cb6f8395e7539387084857f),1.12E+18,"Lake Michie and Little River will be closed on Saturday, April 13 due to the lakes being at flood stage and debris in the water.",1
ObjectId(5cb6f8395e75393870848591),1.12E+18,"Flood water from the Warrego river flowing under the highway at Enngonia
閳?#warregoriver #enngonia #floodwater #drought #farwestliving #australianagriculture #ruralaustralia #nswfarmers #agchatoz https://t.co/AH6a7v1bFm",1
ObjectId(5cb6f8395e75393870848592),1.12E+18,Welp! Let's just figure into early May at this point with the seemingly permanent flood warnings along the Mississippi River Watershed. https://t.co/Z30StkUbKQ,1
ObjectId(5cb6f83b5e753938708487de),1.12E+18,"@jones_ann @ABCscience @UniofAdelaide You may not find that Perch because Joyce and Hunt have levees on their farms, stopping any flood water reaching the river system but goes from dam to farm to dam to farm to dam and never to rivers.",1
ObjectId(5cb6f83b5e753938708487e0),1.12E+18,Flood waters just reached the ring dike.  Each flood is different.  Don't often see the Sheriff and emergency vehicles down by the river.  Hope nothing tragic happened.,1
ObjectId(5cb6f8415e75393870848f30),1.12E+18,"@DrGRuralMD @MSWSHAWN @pmeganb @emergency_CNS @reaccionapr @RealNooYawkasEa @Nursingstu_2019 @coffeeNCalibers @megaholt @NatLauter @AllDayERDayRN @ImTheMom_TaDa @alexsrobin @gypsysoul214 @maureen_ferrari @Mummin8r @Ivy_RN1 @PetalConfetti @LivEaTraveLove @ketaminh @DocPNW @_pillsandblades @audasgrant @LoveNotGreed @sloddesol @c3convertase @StSenka @thepondinthebox @KattrinBee @NPjourney @MichJak @DyfrigH @chrisconnolly83 @SezClom @Linndhop @MHPoison1 @geekpharm @noob_medic @cantab_biker @docthewondercat @scrtstdnt_nurse @ozjohnd @reepRN @MsCastro246 @LMTDoulaSarah @AngelaSNMF @emilyt804 @BrowofJustice @MericaUSAUSA @FredWuMD 棣冦偘 LOVE it! Btw, I Crossed over the river on a road trip Wednesday , thought and about you. Hope you have your place there cleaned up from the flood and ready to enjoy soon!",1
ObjectId(5cb6f8445e75393870849189),1.12E+18,"Riding along in my automobile ... restoration professionals at the wheel. Due to the second largest flood event since 1936, we had to take these wheels to check on the #restoration projects along #Idaho閳ユ獨 Weiser #River. These projects are part of our partnership w/ @idahopower. https://t.co/ngqLM9piwB",1
ObjectId(5cb6f8445e753938708491ab),1.12E+18,"@geceosan Oh we is fine! The river supposed to get at it閳ユ獨 highest today 閳ユΕ then hopefully go down! Fanks to flooding, a couple of reservoirs up river were intentionally released! So bam ultra flooding, but fankfully no one was hurt! Flood warning still on until Saturday morning though.",1
ObjectId(5cb6f8445e753938708491db),1.12E+18,"True story棣冩閴?We were almost melted around here.....in flood season with a bunch of roads closed due to the river...and then yesterday we got 12"" or so of heavy snow棣冩啢棣冩 lol Happy Friday, tweeters棣冩 
#myhunny #datenight (if I can get across town, that is ;) https://t.co/e7VYSBRTT2",1
ObjectId(5cb6f8445e753938708491dd),1.12E+18,"April 12, Borazjan , S #Iran
The waterfall on Faryab river is overflowing.The dictatorial regime in Iran has opened the #Flood straps,directing the water towards people's閳?homes,trying 2 prevent damages 2 oil facilities controlled by the IRGC.
#IranFloods
@USAdarFarsi https://t.co/whx6DSPUaT",1
ObjectId(5cb6f8465e7539387084938d),1.12E+18,"@crankywxguy Good comments on the flood potential. Watching that close here along the Ct River. 

BTW....BRE 閳?gt; Best rant ever! Lol.",1
ObjectId(5cb6f8475e75393870849502),1.12E+18,"The Willamette River is mighty high in Salem, about less than a foot from minor flood stage this morning. @kellyjordan and I went out to get some aerial views of flooding on River Road South yesterday: 
棣冨复: https://t.co/KmulMhDfZS 
棣冩懖: https://t.co/dIMJsmXBYn https://t.co/Gfx75mUtKg",1
ObjectId(5cb6f8475e75393870849573),1.12E+18,"@ctvwinnipeg @BethCTV Thank you for coming down to take a look at our Flood Protection in Grand Forks, ND.  The Red River in Grand Forks has leveled off and appears to have crested just under 47 ft.",1
ObjectId(5cb6f8475e75393870849588),1.12E+18,"@globalwinnipeg Thanks again for coming down to take a look at our Flood Protection in Grand Forks, ND.  It appears the Red River crested in GF last night just short of 47 ft.",1
ObjectId(5cb6f84b5e753938708498a4),1.12E+18,"North Branch of the LaHave River in moderate flood conditions yesterday. Here閳ユ獨 the first class II+ drop, Salmon Chute with up_and_atom_dave, mikemalleykayak, and Simon. 
#paddleforever #paddlecanada #canoekayakns #visitnovascotia #visitnovascotiassouthshore ( #棣冩懖 @cbxkayaking ) https://t.co/bSbSuo1TNs",1
ObjectId(5cb6f84b5e753938708498a8),1.12E+18,@Jinx_doodle Been spending the last week watching the river by my house get closer and closer as neighbouring areas sink into flood waters. So I kind of understand. Haven't been near a tornado in 25 years though.,1
ObjectId(5cb6f84d5e75393870849d20),1.12E+18,"Most of the land between Mississippi Highway 465 and U.S. Highway 61 in the south Mississippi Delta is supposed to be cropland, but it閳ユ獨 a lake right now, full of backwater from the Yazoo River. https://t.co/KROzA0Opwa #MSUExt #MScrops https://t.co/urASWNGlZU",1
ObjectId(5cb6f84d5e75393870849d31),1.12E+18,the flood in lucky plaza became a river??? https://t.co/xaoQEu3tBF,1
ObjectId(5cb6f8515e75393870849fd4),1.12E+18,"@manny_ottawa @OnlyoneNationCa I AM REALLY SICK OF ALL THIS BULL!!!

These storms happen every year!
As a retired trucker,I was in these storms!
These floods from the Red River happen every yr.They have steel flood walls installed!!!
QC &amp; eastern ON buy generators cuz they know they get these ice storms!",1
ObjectId(5cb6f8515e7539387084a011),1.12E+18,"@ColelliCol @OneOfAKind1957 As an ADDED BONUS the Saint John River 閳ユ竾reshet閳?(read as: FLOOD SEASON) begins in earnest next week! 
Maybe we閳ユ獧e just undiagnosed masochists and slow learners lol 棣冩
Have a great day Colonel 棣冨殮棣冨殬",1
ObjectId(5cb6f8515e7539387084a01b),1.12E+18,"@hardy101 Thank goodness some of the excess precip is gone; we rec'd 9"" of heavy snow yesterday.  Had a researcher out looking at NOAA's 2013 Flood that didn't happen.  Prelim conclusion:  tile saved the Red River Valley.  Healthier for soil, too, much less erosion and saturation.",1
ObjectId(5cb6f8535e7539387084a349),1.12E+18,Seine river flood. https://t.co/yABTnRlGmj https://t.co/3ORPqEc3Mv,1
ObjectId(5cb6f8535e7539387084a39d),1.12E+18,"Wonderful day today in Dawson Creek, with warm reception by Peace River Regional District on our 2016 flood analysis in their region. Very grateful for the opportunity as well to do a public talk in DC &amp; connect with people who were so adversely affected by this disastrous event",1
ObjectId(5cb6f85e5e7539387084af38),1.12E+18,"Major flood along the Upper Warrego River in Queensland has crossed the NSW borders, bringing a ray of hope to river communities in the northern reaches of the state.
Flood waters from the Upper Warrego River are閳?https://t.co/IIrQuWl1uN",1
ObjectId(5cb6f85e5e7539387084af40),1.12E+18,"@mlukini3 I am so jelly rn. Is the water warm? We use the Ouachita River, but it's at flood level &amp; cold. Too cold &amp; too swift. 棣冩寢",1
ObjectId(5cb6f85e5e7539387084af51),1.12E+18,@emzanotti I was a part of the Katrina relief effort and later worked in Homeland Security. FEMAs failures during Katrina were no different than their failures during the Red River flood.  The media only noticed during Katrina because Nola is fashionable and North Dakota isn閳ユ獩,1
ObjectId(5cb6f85e5e7539387084af5d),1.12E+18,Going to have to watch a river and small stream flood potential I think later Sunday night into Monday with what looks to be a pretty heavy rainfall across the region. We閳ユ獟l see.,1
ObjectId(5cb6f85e5e7539387084af5f),1.12E+18,love 2 see the river run overs its banks and flood the highway and part of town ! i can't leave town ! not ominous whatsoever ! https://t.co/Vz4snudn09,1
ObjectId(5cb6f85e5e7539387084af70),1.12E+18,"Umatilla River flood Hermiston Oregon #flooding #river #hermistonoregon #naturaldisaster #naturaldisaster2019 #park #nature #naturevideos @ Hermiston, Oregon https://t.co/j7tfYzPNsX",1
ObjectId(5cb6f85e5e7539387084af74),1.12E+18,"Iran - Ahwaz
The efforts of the citizens of the area of Malachia and Ain II to strengthen the side flood barrier of the river Bani Sadr in western Ahwaz.
#涔囧嵁楝茶车 #鐖诲€笗璩確姣撲笗璩茶潮_鐖昏箹璩?
#Iran #IranFlood
https://t.co/UvhmBDc1r2 https://t.co/yyipHoNEZ8",1
ObjectId(5cb6f85e5e7539387084af77),1.12E+18,"#Iran - Karun River - Southern Ahvaz  
Images captured on Thursday by Sentinel-2
#flood #flood2019 #IranFloods
#鐖昏箹璩盻涓曡炒璩典笗澶?#鐖昏箹璩?https://t.co/22Aj3QmMbp",1
ObjectId(5cb6f85e5e7539387084afb6),1.12E+18,"""...if the 500-year flood happens twice in 30 years, have you really provided the protection that閳ユ獨 promised? Absolutely not,"" said @RobMooreNRDC. #MidwestFlooding #ActOnClimate https://t.co/YG437ni9np",1
ObjectId(5cb6f85e5e7539387084afdc),1.12E+18,@GlobalNewsAmber The river may be high but our Flood Protection System has it well contained.  Grand Forks is open.  Thank you @GlobalNewsAmber for coming to GF today to see our flood protection system in operation.,1
ObjectId(5cb6f85e5e7539387084afee),1.12E+18,"Woodsey Family! UniCamp is in need of your help. On February 14th, Camp River Glen was hit by a major flash flood that did extensive damage to the primary access road into and including Camp River Glen itself. Camp River Glen has... https://t.co/n5bTQuHZig",1
ObjectId(5cb6f85e5e7539387084b002),1.12E+18,"The Willamette River is flowing over its banks in Oregon City. These photos were taken north of John Storm Park. 

Share your flood water photos at https://t.co/8KNe5ny6YS https://t.co/8jyV7KHjRI",1
ObjectId(5cb6f85e5e7539387084b009),1.12E+18,Can閳ユ獩 help but think of what today閳ユ獨 rain will mean for the flood on Davenport閳ユ獨 River Drive. #toomuchwater https://t.co/bwbpdJU8WJ,1
ObjectId(5cb6f85e5e7539387084b013),1.12E+18,"A wavy day in Windsor -

Watch this boat as it tries to navigate through some choppy waters on the Detroit River. 

There閳ユ獨 flooding in the Leamington/Essex/Kingsville area. What are you seeing?

https://t.co/tZuBgXdZeA https://t.co/N3qhF9hl8M",1
ObjectId(5cb6f85e5e7539387084b03b),1.12E+18,"@NorthernCall19 My final year at NDSU, 97-98, was the year they had 122"" of snow that season and the first big Red River flood. It was the craziest winter. I parked outside my apt building, faced west, and the prairie winds were so strong that snow piled INSIDE my car bc it came in the vents.",1
ObjectId(5cb6f8675e7539387084b9bc),1.12E+18,"This marks the 2019 Vankoughnet Flood Watch.  We have been tracking the spring water levels of the Black River since the ""Great Flood"" of 2013 and hope we never see flooding as bad as that again.  

With ice still on the... https://t.co/xvFdUpDt84",1
ObjectId(5cb6f8685e7539387084ba04),1.12E+18,"I閳ユ獡 about an hour from the border in Drayton, MN where the Red River continues to rise. Crews are busy here filling trucks with dirt to build up the flood barrier at the river in town as the water gets closer to the main road. #globalwpg https://t.co/DQyQJduesW",1
ObjectId(5cb6f86f5e7539387084c339),1.12E+18,"@Lillianna277 @Decontib60De @cumgrano @KathySmith2115 @jonsv3 @dgohar @marilynnv42 @bearski55 Hello ladies! Happy Thursday! 棣冩棣冩寙
 The weather is warm; 10C*. As soon as the ice moves, there will be a big flood of the river. I like to watch the ice drift. 棣冩問棣冦偠棣冨皺閴傚嫹鐓?https://t.co/gK7BUB1QB1",1
ObjectId(5cb6f86f5e7539387084c34b),1.12E+18,Ireland is pumping so much meony into preventing floods by building concrete walls that increase the flow of water and push the problem further down river. all the while are natural flood plains have be converted to heavily subsidised farm land. We are the Orcs in lotr. https://t.co/H6LCDCIdKL,1
ObjectId(5cb6f86f5e7539387084c3cc),1.12E+18,You know the dangers of growing near a river? Well it doesn't matter what you plant it might still end up under water. Here is a drone image of the OSU Botany Farm during the current flood. Are our vines even still there? All I can say is our shed is safe. https://t.co/8hiITgssJm,1
ObjectId(5cb6f8785e7539387084cd10),1.12E+18,"Wallace Marine Park in Salem, OR is flooded. The rising water prompted evacuations of a homeless camp and some rescues by @SalemFireDept @NWSPortland expects the Willamette River to crest tomorrow just under flood stage. #Fox12Oregon https://t.co/6F1taJY8OP",1
ObjectId(5cb6f8785e7539387084cd12),1.12E+18,"That is one FULL river! Not long ago, the Provo River was at near-flood capacity. I haven't ever seen it this high. 
#Author #LaptopLifestyle https://t.co/hqWNTatVLR",1
ObjectId(5cb6f8785e7539387084cd2c),1.12E+18,"The #weather in #Wisconsin this week is crazy!  70s early in the week. Rain, snow sleet, hail and thunderstorms now. Schools are closed today. Oh, and did I mention the Mississippi river is above flood stage? Someone give Mother Nature a valium. 棣冩И",1
ObjectId(5cb6f87a5e7539387084d089),1.12E+18,@happykitten62 The Willamette River crested today at just 20cm below 1996 flood levels in Corvallis. Entire meter above what it was in the 2012 flood.,1
ObjectId(5cb6f8825e7539387084d8a4),1.12E+18,"@imprisonTrump45 @webfashioner @Jeeneree @Cherfan4ever1 @CHHolte @PattiKimble @terrymarvin63 @NastyWoman67 @JosephIrato @BjayukCat @wonderfullone @luv2walk7845 @wildwillow65 @RobynCherChew @IsabellaAmore47 @thepoliticalcat @john44909381 @WendySunshine1 @BetsyNevil3 @YoBusiness1 @nickolauschat @B52Malmet @sooze555 @Cjones554 @cher @Paladin23757879 @BetteMidler @BetsyGervasi @TheUSASingers @RealDesertRat @retiredfirstsgt @network_gal @mmpadellan @BarbraStreisand @Twitter @MoveOn @IndivisibleTeam @NightlyPolitics @PuestoLoco @jwheels74 @th3j35t3r @JohnDingell @tedlieu @chelseahandler @aparnapkin @SophiaBush @MuellerSheWrote @SethAbramson @AdamSchiff @RepJerryNadler Thanks for the update.  The Dakotas, Nebraska, and Minnesota, in the path for the worst of it.  Two to three foot of snow forecast with high winds and blizzard conditions.  When it melts, all the Missouri River basin will flood . . . again.",1
ObjectId(5cb6f8825e7539387084d8ad),1.12E+18,I thought the Willamette looked brown enough to drown Agustus Gloop. A flood watch just went up for high flows coming down the river.,1
ObjectId(5cb6f8825e7539387084d8f8),1.12E+18,This park has been taken over by the birds and a wee bit of flooding as the Willamette River nears minor flood stage. #flooding #willamettevalley #willametteriver #geese閳?https://t.co/117XVxAvio,1
ObjectId(5cb6f8825e7539387084d8fe),1.12E+18,"Minnesota River flooding. All of these trails should be walkable
.
.
.
.
.
#merchantserviceinnovations #minnesota #minnesotariver #river #flooding #flood #riverflooding #riverlife #riverside #riverbank #trails... https://t.co/fRNK637O0G",1
ObjectId(5cb6f8825e7539387084d90e),1.12E+18,Made it to St. Louis for #NSTA19 and couldn閳ユ獩 resist a little #airplanegeology - check out the Mississippi River flood plain doin閳?what it does best... flooding! This is why you can always find me in the window seat! #STEMinstitute https://t.co/hKZ5INY6VR,1
ObjectId(5cb6f8825e7539387084d911),1.12E+18,"Minnesota River flooding. All of these trails should be walkable
#merchantserviceinnovations #minnesota #minnesotariver #river #flooding #flood #riverflooding #riverlife #riverside #riverbank #trails #trail #hiking #hike #bloomington #minnesotarivervalley #rivervalley #underwater https://t.co/bPcpYjg4KV",1
ObjectId(5cb6f8825e7539387084d935),1.12E+18,"This is a river in Skibbereen before and after flood relief works, I understand flood relief projects are essential to small towns and cities but Christ this is not very forgiving https://t.co/FiN01zVs79",1
ObjectId(5cb6f8825e7539387084d938),1.12E+18,"@riverside480529 @TonyDuheaume A girl from Mamoulan, W #Iran
Here, it was all homes.But after the Flood, now there is a river here. Why government won閳ユ獩 help.  Only people have helped up until now.We have no water or electricity.They are all out.They should connect them.
#IranFloods
#BlackListIRGC",1
ObjectId(5cb6f8825e7539387084d94e),1.12E+18,"The #river water has risen and caused the restaurant by the river to #flood .
#karoun #ahvaz # https://t.co/gCoB1ayJig",1
ObjectId(5cb6f8855e7539387084dbcb),1.12E+18,The bridge has become very important because it閳ユ獨 one of the only ways in the area to cross the Missouri River since the flood. https://t.co/rFzWikqbM2,1
ObjectId(5cb6f8855e7539387084dbd1),1.12E+18,"3. how fast the snow will melt.
Like I said, the Red River of the North will be at major flood stage for about a week. there's a clog downstream (RedRiv flows north to Winnipeg, Manitoba, Canada), and more moisture is coming.  The Dakotas do NOT feel semi-arid this Spring.",1
ObjectId(5cb6f8855e7539387084dc7f),1.12E+18,"You, an idiot: The town is about to flood. We should gather our bricks and build a dam.

Me, an intellectual: Oh, sure thing, hypocrite. If you want a dam so badly why haven't you already thrown your bricks in the river?",1
ObjectId(5cb6f8855e7539387084dc85),1.12E+18,Short video of the Willamette River after it crested this morning at 1 foot below flood stage....CRAZY TOWN!!  #ilovethisplace https://t.co/PDY0X8lihq,1
ObjectId(5cb6f8855e7539387084dc88),1.12E+18,@5thWave_tcronin Are they letting water down the Missouri River now? I imagine we are going to flood again.,1
ObjectId(5cb6f88d5e7539387084e5c5),1.12E+18,"You're getting meme bombed because I've been up all night watching the river flood behind my house and hoping I don't need to evacuate. 
 it was 200 yards from my porch at 4Am. It isn't rising any more right now but more rain is coming.",1
ObjectId(5cb6f8905e7539387084e910),1.12E+18,"Klamath County lakes, rivers and creeks are rising and rushing, but officials are not anticipating any serious flood impacts.... https://t.co/uWehKVQD1B",1
ObjectId(5cb6f8905e7539387084e954),1.12E+18,"@SteelChrmr Technically, I live in a flood zone, being only a mile or so from the Caloosahatchee river but I閳ユ獫e never seen it even close to overrunning it閳ユ獨 banks",1
ObjectId(5cb6f8905e7539387084e983),1.12E+18,River is high. Quite high. Getting close to flood stage I reckon. https://t.co/zACq3ENtkg,1
ObjectId(5cb6f8935e7539387084ec8e),1.12E+18,Flood debris lodged in the River Teifi is 'a mess' https://t.co/Ite0twQLMN https://t.co/w49q9rtaQW,1
ObjectId(5cb6f8935e7539387084ec91),1.12E+18,Flood waters causing problems in the Quad Cities. https://t.co/jNvgSWnWUS,1
ObjectId(5cb6f8935e7539387084ec93),1.12E+18,"@DDDXB2016 @BillSchammert I-29 was originally built dependent on Missouri River levees to provide at least a 50-year protection level.   When breaches occur in the levee system, the interstate system is at risk of being overtopped by flooding as we are seeing with the current flood events.",1
ObjectId(5cb6f8935e7539387084ecc2),1.12E+18,The major snowstorm hitting the Dakotas is leading to more flood concerns downstream on the Missouri River: https://t.co/vAapBRAufa,1
ObjectId(5cb6f8945e7539387084ecd8),1.12E+18,@DavidSouther8 @LionelMedia I live near Dubuque on the Miss. River. Great fishing if the river ever goes back down. Been at flood stage for about 3 weeks now.,1
ObjectId(5cb6f89a5e7539387084f41d),1.12E+18,"After the flood. #nebraskaflood2019 #niobrarariver #flood #river #niobrara #nebraska @ Niobrara, Nebraska https://t.co/H3mAptqB6f",1
ObjectId(5cb6f89a5e7539387084f43a),1.12E+18,@GraveDancer40 We went from snow to 10 feet above flood stage on the Mississippi River...and it's raining.  #sailingaway棣冩,1
ObjectId(5cb6f89a5e7539387084f47b),1.12E+18,"High river stages excite me, being an integral part of river ecology and their geological processes. Numerous rivers in Oregon are in major flood stage, causing much hardship across the state, but I always enjoy seeing geological processes in action!",1
ObjectId(5cb6f89b5e7539387084f512),1.12E+18,I lost everything in the Rogue River flood of 1963. I know the anguish. Let's pray for Oregon folks going through this now.,1
ObjectId(5cb6f8a15e7539387084fbca),1.12E+18,"@Livestormchaser @WeatherBug @StormHour That is amazing how high the water is now. This looks like the same area trains were filmed going through a little bit of flood waters, but no way they can do that now. I can see the bottom stairway part of the walkway bridge on the side closest to the river is now under water",1
ObjectId(5cb6f8a25e7539387084fc18),1.12E+18,"Yes, this is going to be quite an event. My greatest concern, however, will arrive in the days and weeks that follow. With river levels already at or near flood stage &amp; soils highly saturated, any rapid snowmelt could lead to major flooding... again. #SDwx #NEwx #IAwx #MNwx https://t.co/PvOliWTTLk",1
ObjectId(5cb6f8a25e7539387084fc3d),1.12E+18,I drove over Point Bridge in Grand Forks about an hour before it was closed due to rising flood waters. Sorlie Bridge has also been closed. The Red River is nearing 44 feet in the area and is forecasted to crest at 48 feet Friday. https://t.co/Pu4cOCpZJC,1
ObjectId(5cb6f8a25e7539387084fc48),1.12E+18,Here閳ユ獨 the view from Grand Forks today. The Red River is expected to rise another 5 feet before it crests. Flood walls to protect the downtown haven閳ユ獩 gone up since 2011. @ctvwinnipeg https://t.co/bJyeW4vlLe,1
ObjectId(5cb6f8a35e7539387084fdbb),1.12E+18,@SheriSachse Reminds me of the property in Kosse when the dry creek would flood and get about 400 feet wide &amp; a raging river,1
ObjectId(5cb6f8a75e7539387085033d),1.12E+18,"An overnight adventure thwarted by a river in flood. I'm not sure if this particular section of the Blyth Hut track on Mt Ruapehu's southern slopes is usually covered by this tributary of the Mangateitei Stream, but this past weekend it sure was.
閳兼枻绗嶉埣鏂ょ瑣閳兼枻绗?閳?https://t.co/3bJ4FM8wS5 https://t.co/OYz8PQ5j2U",1
ObjectId(5cb6f8a75e7539387085034b),1.12E+18,"An overnight adventure thwarted by a river in flood. I'm not sure if this particular section of the Blyth Hut track on Mt Ruapehu's southern slopes is usually covered by this tributary of the Mangateitei Stream, but this past weekend it sure was.
閳兼枻绗嶉埣鏂ょ瑣閳兼枻绗?閳?https://t.co/dwOsOtUOb9 https://t.co/wF8H3yQ8Zy",1
ObjectId(5cb6f8a75e75393870850393),1.12E+18,@RuthHHopkins Stay safe.   I remember flying over Nebraska all the time during the last big Missouri River floods and realizing that the flood waters might not recede before it froze for the winter.   Now we閳ユ獧e seeing flooding in VERY early spring.   It閳ユ獨 nuts.,1
ObjectId(5cb6f8a75e753938708503b1),1.12E+18,"In 12 hours, if this car is still there, it will be completely submerged in water, if not carried away by the Willamette River's #flood waters. #Oregon https://t.co/OTzA8s5bhL",1
ObjectId(5cb6f8a75e753938708503b3),1.12E+18,Be safe my friends.... https://t.co/pxEwnJ9cs8,1
ObjectId(5cb6f8a85e753938708503c7),1.12E+18,"Just ran these sections on 3/30/19, much different now!  See Fargo's new downtown flood wall hold the Red River back as it hits 35 feet https://t.co/Mx5i8YQmli",1
ObjectId(5cb6f8af5e75393870850b38),1.12E+18,be safe friends! https://t.co/xOPh5cp1Ts,1
ObjectId(5cb6f8b25e75393870850f2f),1.12E+18,"Howdy Folks! Moved to new place - no internet right now - hope everyone is doing good. Am loving the new digs. Well except the river being at flood stage, but regardless - loving the new job. Big hugs to you! YEP! If you're reading this I do mean you!",1
ObjectId(5cb6f8b75e75393870851553),1.12E+18,"So there閳ユ獨 a story about the 閳ユ窅atfish Guy閳?going around the Quad Cities. The Mississippi River has flooded downtown Davenport, with the flood brought catfish closer to our reach. So this guy was seen walking down the street with a 22+ lbs catfish. (No fishing pole in sight)",1
ObjectId(5cb6f8b75e75393870851556),1.12E+18,"A girl from Mamoulan, W #Iran
Here, it was all homes.But after the Flood, now there is a river here. Why government won閳ユ獩 help.  Only people have helped up until now.We have no water or electricity.They are all out.They should connect them.
#IranFloods
https://t.co/M49iVQvWA2",1
ObjectId(5cb6f8b75e7539387085155f),1.12E+18,@AdriMusk This is the town of Kislovodsk. We sometimes have heavy rains. In 2002 there was a series of such rains and we had a flood. The water has reached this line. This is a small river. https://t.co/cYKBsoVaAd,1
ObjectId(5cb6f8b75e7539387085157a),1.12E+18,"A girl from Mamoulan, W #Iran
Here, it was all homes.But after the Flood, now there is a river here. Why government won閳ユ獩 help.  Only people have helped up until now.We have no water or electricity.They are all out.They should connect them.
#IranFloods
#BlackListIRGC https://t.co/xboCsQj9Bl",1
ObjectId(5cb6f8b75e75393870851580),1.12E+18,"A girl from Mamoulan, W #Iran
Here, it was all homes.But after the Flood, now there is a river here. Why government won閳ユ獩 help.  Only people have helped up until now.We have no water or electricity.They are all out.They should connect them.
#IranFloods
#BlackListIRGC https://t.co/hl2cuxWmM3",1
ObjectId(5cb6f8b75e75393870851586),1.12E+18,"A girl from Mamoulan, W #Iran
Here, it was all homes.But after the Flood, now there is a river here. Why government won閳ユ獩 help.  Only people have helped up until now.We have no water or electricity.They are all out.They should connect them.
#IranFloods
https://t.co/LShWVE5Xd8",1
ObjectId(5cb6f8b85e753938708515f7),1.12E+18,"A girl from Mamoulan, W #Iran
Here, it was all homes.But after the Flood, now there is a river here. Why government won閳ユ獩 help.  Only people have helped up until now.We have no water or electricity.They are all out.They should connect them.
#IranFloods
#BlackListIRGC
@USAdarFarsi https://t.co/4AgX34svQA",1
ObjectId(5cb6f8bb5e75393870851a23),1.12E+18,"""(The river) has a temper."" https://t.co/GQL6qCnQKf",1
ObjectId(5cb6f8bc5e75393870851abd),1.12E+18,"Rulo
Flood Stage is 17閳?The River is forecasted to crest at 20.9閳?Saturday
7:00am Reading was 19.62'",1
ObjectId(5cb6f8bc5e75393870851ac0),1.12E+18,"Brownville
Flood Stage is 34閳?The River is forecasted to crest at 36.1閳?Saturday
6:15am Reading was 35.11閳?
ObjectId(5cb6f8bc5e75393870851ac6),1115597348367765504,Nebraska City",1
Flood Stage is 18閳?The River is forecasted to crest at 20.1閳?Friday,,,1
ObjectId(5cb6f8bf5e75393870851e01),1.12E+18,"Nearly 2 months after the Valentine's Day flood, the Santa Ana River is still gushing through this water facility, with significant accumulation behind 7 Oaks Dam. #rainwater #dam #sevenoaks #socal  Source https://t.co/JPc0vHujg7 https://t.co/CnYP5rdwmN",1
ObjectId(5cb6f8c35e7539387085224b),1.12E+18,@JeffMerkley @RonWyden Start with timber control. Oh yeah rogue river is almost at flood status and I still cant get over onion mountain due to snow.,1
ObjectId(5cb6f8c35e7539387085224f),1.12E+18,"Pics taken from the Moorhead, Minnesota side of the cresting Red River, looking west at the brand new (and temporary) Gooseberry Island, mostly surrounded by Fargo, North Dakota but fully surrounded, for the nonce, by the flood. https://t.co/6eZh1J5i8r",1
ObjectId(5cb6f8c35e7539387085225a),1.12E+18,"The River Road was flooded, so we had to take the long way to get to Elsah. Just a single narrow patch of road to get into town. #flood #elsah #illinois #riverroad #water #abstract閳?https://t.co/kHiFMcGi39",1
ObjectId(5cb6f8c35e75393870852261),1.12E+18,Into the basement #urbannature #walk #adventure #hiking #flood #river @ Alton Baker Park https://t.co/wr23lgD8VY,1
ObjectId(5cb6f8c35e75393870852263),1.12E+18,I had to get a picture of the sign. Notice how under water the info sign on the left is. This is a LOT of water! #walk #adventure #hiking #urbannature #flood #river @ Alton Baker Park https://t.co/evZB2EJST4,1
ObjectId(5cb6f8c35e75393870852265),1.12E+18,The mighty river. I've never seen it so full. #walk #adventure #hiking #urbannature #flood #river @ Alton Baker Park https://t.co/oBf0hcvcZT,1
ObjectId(5cb6f8c35e75393870852267),1.12E+18,The video of the temporary wall on 2nd Street is about 7-9 blocks straight of my house on 2nd street. Fargo's new downtown flood wall hold the Red River back as it hits 35 feet https://t.co/ToA1N6LZ6h.   @cityoffargo @SenJohnHoeven @inforum,1
ObjectId(5cb6f8c35e75393870852269),1.12E+18,The video of the temporary wall on 2nd Street is about 7-9 blocks straight of my house on 2nd street. Fargo's new downtown flood wall hold the Red River back as it hits 35 feet https://t.co/2LuPE6s8X2,1
ObjectId(5cb6f8c95e753938708527d6),1.12E+18,First time in my career I've seen widespread springtime flooding in the Willamette River Basin. The latest flood warnings and update on filling reservoirs in my @fox12oregon weather blog this evening:https://t.co/VV8rdQXSab https://t.co/E6TQn853P8,1
ObjectId(5cb6f8c95e75393870852841),1.12E+18,"@JohnBuc08179594 River crested 2 ft over flood, so we are good, back home &amp; relaxed. Other rivers not recovering as fast, but HUGE confluence reclamation project paying off, filling wetlands, supporting salmon, otters, beavers, eagles.

Yassss",1
ObjectId(5cb6f8c95e75393870852924),1.12E+18,"Corvallis.  Willamette river flooding....

#publichealth Remember flood water is filled with sewage and chemicals. https://t.co/BgnorrRH9E",1
ObjectId(5cb6f8c95e7539387085292c),1.12E+18,"The Albany River will soon flood out Kashechewan. 
The area where @theJagmeetSingh and I are in these pictures will be completely under water. 
@janephilpott promised to move the community to safe ground. 
The government broke this promise.
We will continue to fight for families. https://t.co/Wr9ZEtiabE",1
ObjectId(5cb6f8cb5e75393870852b89),1.12E+18,A look at Wallace Marine Park in Salem. The park is closed because the Willamette River could crest just below flood stage Wednesday. https://t.co/eNPSg03w10,1
ObjectId(5cb6f8cb5e75393870852b92),1.12E+18,Times like this I am glad I don閳ユ獩 live next to the river or on a creek - still I閳ユ獡 not on a mountaintop either! ... #floodwatch #higherground https://t.co/Vn3a1mEMi4,1
ObjectId(5cb6f8cb5e75393870852b94),1.12E+18,Watching the crest from the Mississippi River flood come through the Quad Cities must be one of the most over anticipated and underwhelming of hazards we deal with. Like the river is an inch higher than yesterday.,1
ObjectId(5cb6f8cb5e75393870852b99),1.12E+18,"@spidermann Coastal fork of the Willamette River, which runs through Cottage Grove. Photo taken from upstairs window of my apartment building (side that looks towards Riverside Park). River is high &amp; muddy &amp; is under flood watch. https://t.co/eCNzhK6SvP",1
ObjectId(5cb6f8cb5e75393870852bbc),1.12E+18,It was a rainy weekend and now we watch and wait as the Brazos River rises to Action Stage with another potential rainy weekend ahead. #BrazosRiver #StayInformed #Preparedness https://t.co/WNL4dx71BK https://t.co/uhwxWH76Sn,1
ObjectId(5cb6f8cb5e75393870852c0e),1.12E+18,"#Iran flood 2019- Karun River waters are rising around the cities of #Ahvaz #IranFloods
#IranRegimeChange
鐖诲€笗璩確姣撲笗璩茶潮_鐖昏箹璩? #绂轰笗璩茶吵璩撮垾灞瑰畩姣撲笗璩茶潮_璩佃箹涔囦笗璩宠箹# https://t.co/xsosBBk9Q0 via @YouTube",1
ObjectId(5cb6f8d05e75393870852fe1),1.12E+18,I wonder if there閳ユ獨 a river flood warning https://t.co/R6dzRt4p0T,1
ObjectId(5cb6f8d05e75393870853014),1.12E+18,My mother lives on this flooded island on the Mississippi River.  She and the others look out for each other through each flood. She閳ユ獨 68 years old and wouldn閳ユ獩 want to live anywhere else.     https://t.co/GGS4JiYBVf,1
ObjectId(5cb6f8d05e7539387085307b),1.12E+18,"Day 7 
Sending thoughts, river water and debris to my downstream friends at New Madrid, Mo. Army Corp https://t.co/IJvEaKMmbl  shows Miss River levels almost to flood stage at the Bootheel. My visit there taught me things I thought I knew, but didn't https://t.co/8SkgrnLPIA",1
ObjectId(5cb6f8d15e75393870853102),1.12E+18,That閳ユ獨 the 18th green at Pine Ridge Golf Club.  No golfing today along the Mohawk River.  Flood coverage. #liveonKVAL at 12 noon. https://t.co/tkn2Vz6lIT,1
ObjectId(5cb6f8d15e75393870853131),1.12E+18,Panicked. Trying to start my MH to move it out of the flood zone. Creek has crested my drive and driveway. Ugh! Mohawk River is just down from me. This is scary. @GregTannerMedia https://t.co/P0o8vaXbxZ,1
ObjectId(5cb6f8d15e75393870853138),1.12E+18,"The Mississippi River JUST left my yard yesterday.

Hello, flash flood!

Let閳ユ獨 hope the snake boots and my Hadhafang Sword replica are enough to contend with the gators and the snakes.

Bring it on, severe Ophidiaphobia! Bring. It. O-

Um... these boots really work, right?棣冩Ъ",1
ObjectId(5cb6f8d15e75393870853145),1.12E+18,@makin_plans Oh wow! The Willamette River is supposed to reach flood stage,1
ObjectId(5cb6f8d35e75393870853551),1.12E+18,@loricurt Looks like Oregon!  We have several river and streams at flood stage,1
ObjectId(5cb6f8d75e75393870853824),1.12E+18,We閳ユ獧e now further east in Estacada. This is the lower boat ramp at Milo McIver State Park. The gauge on the Clackamas River near here is reading less than a foot to flood stage. #LiveOnK2 https://t.co/9buE88E3Hg,1
ObjectId(5cb6f8d75e75393870853853),1.12E+18,@martyzpartyz The grey is brutal towards the end of winter. This is an unusual storm for this time of year. Smith reached monitor flood stage. Talked to Eileen and River is high at her place.,1
ObjectId(5cb6f8d75e75393870853857),1.12E+18,DLH continues Flood Warning for Mississippi River at Aitkin [MN] until further notice https://t.co/hDNVfl9Ytk,1
ObjectId(5cb6f8da5e75393870853bd4),1.12E+18,"Ethyl says...閳ユ紒h, my, Gosh, we came back from Tilly today and the Santiam River was raging, all the creeks were overflowing, culverts running full, it was freaky driving alongside the... https://t.co/AU7jK1Sny4",1
ObjectId(5cb6f8da5e75393870853c48),1.12E+18,"@SRuhle Sorty, were under flood watch. Neighbors evacuating. Basement flooded. Roads closed. Schools closed. River rising as rain continues to fall.",1
ObjectId(5cb6f8df5e753938708541d9),1.12E+18,You can see it much better now. Part of Carver Park on the banks of the Clackamas River is flooded. Closer to Estacada 閳?the river閳ユ獨 less than a foot to flood stage. #LiveOnK2 https://t.co/mc09PgQ2Hw,1
ObjectId(5cb6f8e05e753938708541ee),1.12E+18,There are so many flood evacuations in my town right now. The rain is coming down like crazy &amp; it閳ユ獨 supposed to not let up for 8 days. Praying for everyone around the lake and river,1
ObjectId(5cb6f8e05e75393870854242),1.12E+18,@MboBW @chobegamelodge Low rainfall in the catchment areas of Angola as well as low rainfall locally has meant the Zambezi River (which usually overflows into Chobe providing our inundation of water) is around 4m lower than most years (measured at Katima) so that is why our flood is so low.,1
ObjectId(5cb6f8e45e75393870854779),1.12E+18,"""heavy rain expected to push rivers past the flood stage""

that really doesn't take much with the river near me",1
ObjectId(5cb6f8ec5e75393870854fe4),1.12E+18,We took our first walk of the spring by the river today! We were quite surprised to see the flood waters had receded and left behind so much sand. We also閳?https://t.co/voRDWo2NJh,1
ObjectId(5cb6f8ef5e7539387085527e),1.12E+18,The Clackamas River here at Milo McIver State Park in Estacada is moving fast. The river here is just a little more than a foot from flood level. https://t.co/7Ivt5d97NX,1
ObjectId(5cb6f8ef5e753938708552a9),1.12E+18,I want to go outside and look at the flood god dammit !!!   sssorry I閳ユ獡 quitting my job gotta see big river,1
ObjectId(5cb6f8ef5e753938708552fc),1.12E+18,"There is a flood warning in effect, so of course I hopped on my dual sport and rode out in the rain to see how close to the river I could get. #motorcycle #crf250l #rainyday #dualsport https://t.co/JAbsWD8gb9",1
ObjectId(5cb6f8ef5e75393870855306),1.12E+18,"This is a look at the Santiam River, running high right now. It閳ユ獨 expected to reach flood stage tonight. #LiveOnK2 https://t.co/7VF5kT3KiH",1
ObjectId(5cb6f8ef5e7539387085535e),1.12E+18,"It's a sure sign spring has sprung...
flood watches are popping up. https://t.co/2UrAGraTxK",1
ObjectId(5cbdc5625e75391a103dcd63),1.12E+18,WOW! A jet skier taking their chances on the raging Kennebec River in Augusta. A flood warning remains in effect there and in several other locations across Maine. https://t.co/mpsSChoJ3M https://t.co/2ypW5dtuaR,1
ObjectId(5cbdc5635e75391a103dcdc0),1.12E+18,"@AnneCronin5 Was visiting a friend in St Mary's Pk in the '70s, the Shannon was in flood and the river was coming up through the floor.",1
ObjectId(5cbdc5a05e75391a103de437),1.12E+18,Took a timelapse of the Pemi River flood from Friday evening to Sunday evening. It閳ユ獨 difficult to see the water rising at times because at points the fog is flowing just as fluidly as the water. #NHwx @NWSGray https://t.co/cibzwViEGi,1
ObjectId(5cbdc5ad5e75391a103de897),1.12E+18,"@SteveSGoddard 
   Al Gore's Church of Climatology preaches the Great Flood unless we stop our use of fossil fuels and give up our SUV's. No SUV's around in China  with the 2 worst floods in history Yellow River 1887 flood 900000 dead and China flood of 1931 ~ 4 million dead https://t.co/XoDHRd4NAs",1
ObjectId(5cbdc5ad5e75391a103de8b3),1.12E+18,The river was originally hidden by the trees but the flood forced the water south... and the erosion of land slowly continues. #nebraskaflood2019 https://t.co/SOf4ntwWOj,1
ObjectId(5cbdc5ad5e75391a103de8b4),1.12E+18,"Flooding hits Fredericton and communities on St. John River
https://t.co/nctxXiUBoX https://t.co/HpwopMV6nv",1
ObjectId(5cbdc5ad5e75391a103de8bf),1.12E+18,"Unreal. About quarter mile down the road from my aunt and uncle閳ユ獨 home (east of Battle Creek), the Elkhorn River swallowed up farmland and portions of the road from the March flood.

The country road may be indefinitely closed. #nebraskaflood2019 https://t.co/Nbz4c3BkcM",1
ObjectId(5cbdc5ae5e75391a103de912),1.12E+18,Hello!Canada!... #Ottawa River Flood Waters Lite but in our park and on part of the trail. Thats a park garbage can in water..Strathcona Park wet but beautiful day..Enjoy It!.@baktoroots #socialmedia #blogs #bloggers #nyc #canada #usa @ctvottawa @CBCNews #montreal @BlacksWeather https://t.co/sB0wLQkNMu,1
ObjectId(5cbdc5c35e75391a103df057),1.12E+18,"Miss Mimi Marie and I took a stroll to see the flood situation on the Northside earlier this afternoon! Quite the scene along the St. John River!
#fredericton #frederictonflood #flood2019 #goldendoodles #mimibungay #photography #canont3i https://t.co/IycliEH8E4",1
ObjectId(5cbdc5d25e75391a103df5c7),1.12E+18,"i was riding my bike next to a river yesterday,, the river was 10ft past flood stages and there閳ユ獨 SO MUCH pollution in it now, i never remember it looking like that",1
ObjectId(5cbdc5d35e75391a103df610),1.12E+18,"Why is nobody talking about this? Hydrometric gauge for the Miramichi River at Blackville, NB. WELL above historical flood levels it looks like to me? 6.5 metres, up 3m in less than two days. That's extraordinary. #NBFlood #Miramichi https://t.co/RCDwJb6tqs",1
ObjectId(5cbdc5fd5e75391a103e04c4),1.12E+18,"We are safe from the flooding here. Lower Quebec City might flood a bit. 

Others up river from us and those on the South shore of the St-Lawrence, not so much.",1
ObjectId(5cbdc61d5e75391a103e1055),1.12E+18,"Water, Water, Everywhere
We are now certainly on the road to spring here in northern New England, especially on the upper Connecticut River watershed in northern New Hampshire. Numerous flood advisories are in effect in NH, VT and閳?https://t.co/0vPT2PYgg1 https://t.co/K6L0Z2Qoba",1
ObjectId(5cbdc6255e75391a103e13d5),1.12E+18,Wake of the flood #avl #graff #flood @ French Broad River Park https://t.co/XR8U4gCDKF,1
ObjectId(5cbdc6255e75391a103e144d),1.12E+18,Flooding is getting worse here in #Fredericton. The #Wolastoq River has surpassed flood stage. @KalinMitchelCTV @ryansnoddon @MurphTWN @NateTWN @weathernetwork @TrafficNB @mynewbrunswick @NBEMO_OMUNB @CityFredGov @CBCNB @CTVAtlantic @Global_NB @BlacksWeather #NBStorm #nbflood https://t.co/aWieiO9Mup,1
ObjectId(5cbdc6595e75391a103e23f0),1.12E+18,@LennyPolls Frank the fishing dog caught the family's supper in the river's flood waters. Look how proud he is! Good boy! https://t.co/VgfqHaJ2tJ,1
ObjectId(5cbdc6615e75391a103e2799),1.12E+18,Drivers during the GIANT Flood of the St.John River in Fredericton!!!! https://t.co/ZmhO6KXUCt via @YouTube,1
ObjectId(5cbdc6615e75391a103e27ad),1.12E+18,Debris floating down St.John River during the BIG Flood in Fredericton!!! https://t.co/sbJnrWaxpD via @YouTube,1
ObjectId(5cbdc6625e75391a103e27c8),1.12E+18,"Small town talk of the day. (Thankfully we are all ok, safe... just minor flood in house near the river) https://t.co/4Ar0NaQQd1",1
ObjectId(5cbdc66f5e75391a103e2ca2),1.12E+18,"Friends, the scenario we found ourselves in, in Spring 2017, has returned. The Ottawa River has risen above its banks and we are experiencing flooding: https://t.co/yB4mcZoWTd. Updates will follow when available. @ROWONTARIO @rowingcanada #rowORC https://t.co/I8qfknIiQA",1
ObjectId(5cbdc6865e75391a103e329b),1.12E+18,"@leeleeb50 I had my Grandsons ( 5 &amp; 8 ) over. My Husband was going to take them to the Park across the street along the River. The River is over flood stage so I said. "" If you go by the River watch out for SNAKES"" . The 8 year old almost fainted. But, they stayed away from that water 棣冩",1
ObjectId(5cbdc68b5e75391a103e3481),1.12E+18,Backyard foxes! Flood waters likely pushing them up away from the river shore into our yard. https://t.co/ZbvOM4IczU,1
ObjectId(5cbdc68b5e75391a103e34a9),1.12E+18,"@JessicaNgCTV @CTVAtlantic Why would people park there , were they not told the river was going to overflow and flood parts of Fredericton this weekend 棣冦仐棣冨編閳ュ秮妾ч敂?
ObjectId(5cbdc68b5e75391a103e34ab),1119725485347475456,One person has died overnight in the Municipality of Pontiac Quebec",1
